mode,N,threads,run,seconds
serial,4000,1,1,0.030341
serial,4000,1,2,0.029720
serial,4000,1,3,0.029590
serial,4000,1,4,0.029453
serial,4000,1,5,0.029633
serial,4000,1,6,0.029484
serial,4000,1,7,0.029491
serial,4000,1,8,0.029537
serial,4000,1,9,0.029306
serial,4000,1,10,0.029597
omp_indivisible,4000,1,1,0.035627
omp_indivisible,4000,1,2,0.032571
omp_indivisible,4000,1,3,0.032392
omp_indivisible,4000,1,4,0.032968
omp_indivisible,4000,1,5,0.032934
omp_indivisible,4000,1,6,0.032496
omp_indivisible,4000,1,7,0.032261
omp_indivisible,4000,1,8,0.032706
omp_indivisible,4000,1,9,0.032698
omp_indivisible,4000,1,10,0.032381
omp_indivisible,4000,4,1,0.016087
omp_indivisible,4000,4,2,0.016166
omp_indivisible,4000,4,3,0.015865
omp_indivisible,4000,4,4,0.015738
omp_indivisible,4000,4,5,0.015827
omp_indivisible,4000,4,6,0.015753
omp_indivisible,4000,4,7,0.015981
omp_indivisible,4000,4,8,0.015970
omp_indivisible,4000,4,9,0.016121
omp_indivisible,4000,4,10,0.016219
omp_indivisible,4000,8,1,0.014924
omp_indivisible,4000,8,2,0.014844
omp_indivisible,4000,8,3,0.015737
omp_indivisible,4000,8,4,0.015237
omp_indivisible,4000,8,5,0.015089
omp_indivisible,4000,8,6,0.016238
omp_indivisible,4000,8,7,0.014666
omp_indivisible,4000,8,8,0.014787
omp_indivisible,4000,8,9,0.015812
omp_indivisible,4000,8,10,0.014675
omp_indivisible,4000,16,1,0.015430
omp_indivisible,4000,16,2,0.015074
omp_indivisible,4000,16,3,0.014771
omp_indivisible,4000,16,4,0.015565
omp_indivisible,4000,16,5,0.014886
omp_indivisible,4000,16,6,0.014890
omp_indivisible,4000,16,7,0.015555
omp_indivisible,4000,16,8,0.015403
omp_indivisible,4000,16,9,0.014906
omp_indivisible,4000,16,10,0.014771
omp_cuadrantes,4000,1,1,0.033161
omp_cuadrantes,4000,1,2,0.032919
omp_cuadrantes,4000,1,3,0.032559
omp_cuadrantes,4000,1,4,0.032345
omp_cuadrantes,4000,1,5,0.032346
omp_cuadrantes,4000,1,6,0.032462
omp_cuadrantes,4000,1,7,0.032623
omp_cuadrantes,4000,1,8,0.032526
omp_cuadrantes,4000,1,9,0.032673
omp_cuadrantes,4000,1,10,0.032857
omp_cuadrantes,4000,4,1,0.016043
omp_cuadrantes,4000,4,2,0.015959
omp_cuadrantes,4000,4,3,0.016326
omp_cuadrantes,4000,4,4,0.015894
omp_cuadrantes,4000,4,5,0.015931
omp_cuadrantes,4000,4,6,0.016220
omp_cuadrantes,4000,4,7,0.016107
omp_cuadrantes,4000,4,8,0.015933
omp_cuadrantes,4000,4,9,0.016067
omp_cuadrantes,4000,4,10,0.015961
omp_cuadrantes,4000,8,1,0.014623
omp_cuadrantes,4000,8,2,0.014823
omp_cuadrantes,4000,8,3,0.015901
omp_cuadrantes,4000,8,4,0.016370
omp_cuadrantes,4000,8,5,0.015186
omp_cuadrantes,4000,8,6,0.014730
omp_cuadrantes,4000,8,7,0.014873
omp_cuadrantes,4000,8,8,0.017297
omp_cuadrantes,4000,8,9,0.027088
omp_cuadrantes,4000,8,10,0.019174
omp_cuadrantes,4000,16,1,0.016602
omp_cuadrantes,4000,16,2,0.015348
omp_cuadrantes,4000,16,3,0.015009
omp_cuadrantes,4000,16,4,0.015008
omp_cuadrantes,4000,16,5,0.014877
omp_cuadrantes,4000,16,6,0.015193
omp_cuadrantes,4000,16,7,0.015100
omp_cuadrantes,4000,16,8,0.014934
omp_cuadrantes,4000,16,9,0.015165
omp_cuadrantes,4000,16,10,0.014931
serial,20000,1,1,0.541284
serial,20000,1,2,0.543515
serial,20000,1,3,0.542642
serial,20000,1,4,0.547038
serial,20000,1,5,0.538127
serial,20000,1,6,0.540210
serial,20000,1,7,0.542679
serial,20000,1,8,0.543640
serial,20000,1,9,0.537497
serial,20000,1,10,0.542436
omp_indivisible,20000,1,1,0.624084
omp_indivisible,20000,1,2,0.600120
omp_indivisible,20000,1,3,0.606420
omp_indivisible,20000,1,4,0.598206
omp_indivisible,20000,1,5,0.592619
omp_indivisible,20000,1,6,0.593492
omp_indivisible,20000,1,7,0.598268
omp_indivisible,20000,1,8,0.600910
omp_indivisible,20000,1,9,0.592780
omp_indivisible,20000,1,10,0.597896
omp_indivisible,20000,4,1,0.224925
omp_indivisible,20000,4,2,0.224615
omp_indivisible,20000,4,3,0.224676
omp_indivisible,20000,4,4,0.223805
omp_indivisible,20000,4,5,0.224971
omp_indivisible,20000,4,6,0.224133
omp_indivisible,20000,4,7,0.224935
omp_indivisible,20000,4,8,0.224653
omp_indivisible,20000,4,9,0.223791
omp_indivisible,20000,4,10,0.223231
omp_indivisible,20000,8,1,0.189019
omp_indivisible,20000,8,2,0.185796
omp_indivisible,20000,8,3,0.183977
omp_indivisible,20000,8,4,0.184650
omp_indivisible,20000,8,5,0.188339
omp_indivisible,20000,8,6,0.214964
omp_indivisible,20000,8,7,0.200308
omp_indivisible,20000,8,8,0.189586
omp_indivisible,20000,8,9,0.185569
omp_indivisible,20000,8,10,0.187894
omp_indivisible,20000,16,1,0.188810
omp_indivisible,20000,16,2,0.181922
omp_indivisible,20000,16,3,0.188364
omp_indivisible,20000,16,4,0.190158
omp_indivisible,20000,16,5,0.185689
omp_indivisible,20000,16,6,0.188660
omp_indivisible,20000,16,7,0.185855
omp_indivisible,20000,16,8,0.184804
omp_indivisible,20000,16,9,0.186525
omp_indivisible,20000,16,10,0.195632
omp_cuadrantes,20000,1,1,0.597208
omp_cuadrantes,20000,1,2,0.594779
omp_cuadrantes,20000,1,3,0.615066
omp_cuadrantes,20000,1,4,0.595754
omp_cuadrantes,20000,1,5,0.596739
omp_cuadrantes,20000,1,6,0.593553
omp_cuadrantes,20000,1,7,0.592232
omp_cuadrantes,20000,1,8,0.591733
omp_cuadrantes,20000,1,9,0.592605
omp_cuadrantes,20000,1,10,0.620395
omp_cuadrantes,20000,4,1,0.226448
omp_cuadrantes,20000,4,2,0.224224
omp_cuadrantes,20000,4,3,0.224083
omp_cuadrantes,20000,4,4,0.223268
omp_cuadrantes,20000,4,5,0.231960
omp_cuadrantes,20000,4,6,0.222690
omp_cuadrantes,20000,4,7,0.223409
omp_cuadrantes,20000,4,8,0.223304
omp_cuadrantes,20000,4,9,0.223693
omp_cuadrantes,20000,4,10,0.224156
omp_cuadrantes,20000,8,1,0.187064
omp_cuadrantes,20000,8,2,0.193427
omp_cuadrantes,20000,8,3,0.188513
omp_cuadrantes,20000,8,4,0.182866
omp_cuadrantes,20000,8,5,0.187803
omp_cuadrantes,20000,8,6,0.184594
omp_cuadrantes,20000,8,7,0.189784
omp_cuadrantes,20000,8,8,0.194590
omp_cuadrantes,20000,8,9,0.184764
omp_cuadrantes,20000,8,10,0.188795
omp_cuadrantes,20000,16,1,0.193336
omp_cuadrantes,20000,16,2,0.183386
omp_cuadrantes,20000,16,3,0.187765
omp_cuadrantes,20000,16,4,0.188880
omp_cuadrantes,20000,16,5,0.185091
omp_cuadrantes,20000,16,6,0.183568
omp_cuadrantes,20000,16,7,0.193589
omp_cuadrantes,20000,16,8,0.183559
omp_cuadrantes,20000,16,9,0.195055
omp_cuadrantes,20000,16,10,0.192141
serial,40000,1,1,2.179279
serial,40000,1,2,2.189864
serial,40000,1,3,2.190104
serial,40000,1,4,2.173334
serial,40000,1,5,2.217624
serial,40000,1,6,2.166894
serial,40000,1,7,2.171032
serial,40000,1,8,2.172460
serial,40000,1,9,2.169228
serial,40000,1,10,2.158398
omp_indivisible,40000,1,1,2.343158
omp_indivisible,40000,1,2,2.435708
omp_indivisible,40000,1,3,2.317512
omp_indivisible,40000,1,4,2.334566
omp_indivisible,40000,1,5,2.317191
omp_indivisible,40000,1,6,2.366399
omp_indivisible,40000,1,7,2.315815
omp_indivisible,40000,1,8,2.354738
omp_indivisible,40000,1,9,2.368483
omp_indivisible,40000,1,10,2.337014
omp_indivisible,40000,4,1,0.849458
omp_indivisible,40000,4,2,0.901645
omp_indivisible,40000,4,3,0.931451
omp_indivisible,40000,4,4,0.854888
omp_indivisible,40000,4,5,0.868444
omp_indivisible,40000,4,6,0.855966
omp_indivisible,40000,4,7,0.851772
omp_indivisible,40000,4,8,0.840833
omp_indivisible,40000,4,9,0.888688
omp_indivisible,40000,4,10,0.903364
omp_indivisible,40000,8,1,0.721731
omp_indivisible,40000,8,2,0.707689
omp_indivisible,40000,8,3,0.697154
omp_indivisible,40000,8,4,0.721320
omp_indivisible,40000,8,5,0.704950
omp_indivisible,40000,8,6,0.696657
omp_indivisible,40000,8,7,0.704823
omp_indivisible,40000,8,8,0.693496
omp_indivisible,40000,8,9,0.690824
omp_indivisible,40000,8,10,0.681253
omp_indivisible,40000,16,1,0.744964
omp_indivisible,40000,16,2,0.717951
omp_indivisible,40000,16,3,0.825897
omp_indivisible,40000,16,4,0.761083
omp_indivisible,40000,16,5,1.060539
omp_indivisible,40000,16,6,0.763861
omp_indivisible,40000,16,7,0.704439
omp_indivisible,40000,16,8,0.682254
omp_indivisible,40000,16,9,0.691593
omp_indivisible,40000,16,10,0.708701
omp_cuadrantes,40000,1,1,2.397103
omp_cuadrantes,40000,1,2,2.366777
omp_cuadrantes,40000,1,3,2.388827
omp_cuadrantes,40000,1,4,2.381537
omp_cuadrantes,40000,1,5,2.356983
omp_cuadrantes,40000,1,6,2.400319
omp_cuadrantes,40000,1,7,2.461890
omp_cuadrantes,40000,1,8,2.490021
omp_cuadrantes,40000,1,9,2.356583
omp_cuadrantes,40000,1,10,2.323713
omp_cuadrantes,40000,4,1,0.881856
omp_cuadrantes,40000,4,2,0.848173
omp_cuadrantes,40000,4,3,0.854151
omp_cuadrantes,40000,4,4,0.848554
omp_cuadrantes,40000,4,5,0.848102
omp_cuadrantes,40000,4,6,0.861157
omp_cuadrantes,40000,4,7,0.863505
omp_cuadrantes,40000,4,8,0.860577
omp_cuadrantes,40000,4,9,0.858267
omp_cuadrantes,40000,4,10,0.860612
omp_cuadrantes,40000,8,1,0.737648
omp_cuadrantes,40000,8,2,0.763646
omp_cuadrantes,40000,8,3,0.722385
omp_cuadrantes,40000,8,4,0.721521
omp_cuadrantes,40000,8,5,0.746555
omp_cuadrantes,40000,8,6,0.701244
omp_cuadrantes,40000,8,7,0.711835
omp_cuadrantes,40000,8,8,0.704709
omp_cuadrantes,40000,8,9,0.710812
omp_cuadrantes,40000,8,10,0.723455
omp_cuadrantes,40000,16,1,0.715497
omp_cuadrantes,40000,16,2,0.716841
omp_cuadrantes,40000,16,3,0.710946
omp_cuadrantes,40000,16,4,0.713019
omp_cuadrantes,40000,16,5,0.696748
omp_cuadrantes,40000,16,6,0.821980
omp_cuadrantes,40000,16,7,0.708517
omp_cuadrantes,40000,16,8,0.693673
omp_cuadrantes,40000,16,9,0.726461
omp_cuadrantes,40000,16,10,0.687556
serial,80000,1,1,9.044258
serial,80000,1,2,8.969536
serial,80000,1,3,9.066484
serial,80000,1,4,9.099719
serial,80000,1,5,9.101493
serial,80000,1,6,9.087917
serial,80000,1,7,8.990739
serial,80000,1,8,9.378160
serial,80000,1,9,9.227583
serial,80000,1,10,9.004574
omp_indivisible,80000,1,1,9.773868
omp_indivisible,80000,1,2,9.550719
omp_indivisible,80000,1,3,9.433240
omp_indivisible,80000,1,4,9.472058
omp_indivisible,80000,1,5,9.466242
omp_indivisible,80000,1,6,9.428066
omp_indivisible,80000,1,7,9.481436
omp_indivisible,80000,1,8,9.469477
omp_indivisible,80000,1,9,9.563747
omp_indivisible,80000,1,10,9.479758
omp_indivisible,80000,4,1,3.378917
omp_indivisible,80000,4,2,3.329351
omp_indivisible,80000,4,3,3.324357
omp_indivisible,80000,4,4,3.327260
omp_indivisible,80000,4,5,3.506045
omp_indivisible,80000,4,6,3.549882
omp_indivisible,80000,4,7,3.444120
omp_indivisible,80000,4,8,3.790762
omp_indivisible,80000,4,9,3.589622
omp_indivisible,80000,4,10,3.353969
omp_indivisible,80000,8,1,2.707321
omp_indivisible,80000,8,2,2.722872
omp_indivisible,80000,8,3,2.727113
omp_indivisible,80000,8,4,2.760848
omp_indivisible,80000,8,5,2.710447
omp_indivisible,80000,8,6,2.734444
omp_indivisible,80000,8,7,2.713801
omp_indivisible,80000,8,8,2.797470
omp_indivisible,80000,8,9,2.715700
omp_indivisible,80000,8,10,2.775636
omp_indivisible,80000,16,1,2.743866
omp_indivisible,80000,16,2,2.722011
omp_indivisible,80000,16,3,2.703739
omp_indivisible,80000,16,4,2.738920
omp_indivisible,80000,16,5,2.713022
omp_indivisible,80000,16,6,2.760343
omp_indivisible,80000,16,7,2.749203
omp_indivisible,80000,16,8,2.718307
omp_indivisible,80000,16,9,2.774657
omp_indivisible,80000,16,10,2.711589
omp_cuadrantes,80000,1,1,9.529575
omp_cuadrantes,80000,1,2,9.435841
omp_cuadrantes,80000,1,3,9.455695
omp_cuadrantes,80000,1,4,9.453062
omp_cuadrantes,80000,1,5,9.320269
omp_cuadrantes,80000,1,6,9.309705
omp_cuadrantes,80000,1,7,9.472670
omp_cuadrantes,80000,1,8,9.479745
omp_cuadrantes,80000,1,9,9.454846
omp_cuadrantes,80000,1,10,9.469140
omp_cuadrantes,80000,4,1,3.315117
omp_cuadrantes,80000,4,2,3.304013
omp_cuadrantes,80000,4,3,3.332567
omp_cuadrantes,80000,4,4,3.374285
omp_cuadrantes,80000,4,5,3.404573
omp_cuadrantes,80000,4,6,3.404156
omp_cuadrantes,80000,4,7,3.416928
omp_cuadrantes,80000,4,8,3.371142
omp_cuadrantes,80000,4,9,3.373827
omp_cuadrantes,80000,4,10,3.382094
omp_cuadrantes,80000,8,1,2.711535
omp_cuadrantes,80000,8,2,2.693715
omp_cuadrantes,80000,8,3,2.706502
omp_cuadrantes,80000,8,4,2.787839
omp_cuadrantes,80000,8,5,2.711688
omp_cuadrantes,80000,8,6,2.737313
omp_cuadrantes,80000,8,7,2.776511
omp_cuadrantes,80000,8,8,2.721765
omp_cuadrantes,80000,8,9,2.722816
omp_cuadrantes,80000,8,10,2.764781
omp_cuadrantes,80000,16,1,2.705159
omp_cuadrantes,80000,16,2,2.714275
omp_cuadrantes,80000,16,3,2.699613
omp_cuadrantes,80000,16,4,2.704794
omp_cuadrantes,80000,16,5,2.728765
omp_cuadrantes,80000,16,6,2.717149
omp_cuadrantes,80000,16,7,2.719274
omp_cuadrantes,80000,16,8,2.698577
omp_cuadrantes,80000,16,9,2.708003
omp_cuadrantes,80000,16,10,2.711282
serial,120000,1,1,20.942142
serial,120000,1,2,20.733951
serial,120000,1,3,20.848831
serial,120000,1,4,20.733767
serial,120000,1,5,20.754411
serial,120000,1,6,21.023427
serial,120000,1,7,20.999320
serial,120000,1,8,20.733305
serial,120000,1,9,20.319608
serial,120000,1,10,20.778744
omp_indivisible,120000,1,1,22.258619
omp_indivisible,120000,1,2,21.572446
omp_indivisible,120000,1,3,21.971603
omp_indivisible,120000,1,4,21.731485
omp_indivisible,120000,1,5,21.948929
omp_indivisible,120000,1,6,21.866253
omp_indivisible,120000,1,7,21.720133
omp_indivisible,120000,1,8,21.863351
omp_indivisible,120000,1,9,21.751316
omp_indivisible,120000,1,10,21.799840
omp_indivisible,120000,4,1,7.770266
omp_indivisible,120000,4,2,7.951966
omp_indivisible,120000,4,3,8.088097
omp_indivisible,120000,4,4,7.883283
omp_indivisible,120000,4,5,8.166196
omp_indivisible,120000,4,6,8.131901
omp_indivisible,120000,4,7,8.245301
omp_indivisible,120000,4,8,8.322931
omp_indivisible,120000,4,9,8.118528
omp_indivisible,120000,4,10,8.303709
omp_indivisible,120000,8,1,6.678728
omp_indivisible,120000,8,2,6.569661
omp_indivisible,120000,8,3,6.676938
omp_indivisible,120000,8,4,6.741172
omp_indivisible,120000,8,5,6.725924
omp_indivisible,120000,8,6,6.696951
omp_indivisible,120000,8,7,6.581349
omp_indivisible,120000,8,8,6.843238
omp_indivisible,120000,8,9,6.447723
omp_indivisible,120000,8,10,6.770237
omp_indivisible,120000,16,1,6.610554
omp_indivisible,120000,16,2,6.753450
omp_indivisible,120000,16,3,6.644232
omp_indivisible,120000,16,4,6.695209
omp_indivisible,120000,16,5,6.611734
omp_indivisible,120000,16,6,6.750848
omp_indivisible,120000,16,7,6.648657
omp_indivisible,120000,16,8,6.703347
omp_indivisible,120000,16,9,6.681357
omp_indivisible,120000,16,10,6.511438
omp_cuadrantes,120000,1,1,21.760367
omp_cuadrantes,120000,1,2,21.878328
omp_cuadrantes,120000,1,3,21.743114
omp_cuadrantes,120000,1,4,21.837147
omp_cuadrantes,120000,1,5,21.810745
omp_cuadrantes,120000,1,6,21.809459
omp_cuadrantes,120000,1,7,21.786729
omp_cuadrantes,120000,1,8,22.000229
omp_cuadrantes,120000,1,9,21.858820
omp_cuadrantes,120000,1,10,21.828352
omp_cuadrantes,120000,4,1,8.006944
omp_cuadrantes,120000,4,2,7.978074
omp_cuadrantes,120000,4,3,8.316822
omp_cuadrantes,120000,4,4,8.112178
omp_cuadrantes,120000,4,5,8.257492
omp_cuadrantes,120000,4,6,8.199718
omp_cuadrantes,120000,4,7,8.305006
omp_cuadrantes,120000,4,8,8.287959
omp_cuadrantes,120000,4,9,8.254764
omp_cuadrantes,120000,4,10,8.299568
omp_cuadrantes,120000,8,1,6.619303
omp_cuadrantes,120000,8,2,6.868297
omp_cuadrantes,120000,8,3,6.726460
omp_cuadrantes,120000,8,4,6.796372
omp_cuadrantes,120000,8,5,7.016978
omp_cuadrantes,120000,8,6,7.657192
omp_cuadrantes,120000,8,7,7.275831
omp_cuadrantes,120000,8,8,7.155214
omp_cuadrantes,120000,8,9,6.980027
omp_cuadrantes,120000,8,10,7.343868
omp_cuadrantes,120000,16,1,7.458382
omp_cuadrantes,120000,16,2,7.149956
omp_cuadrantes,120000,16,3,7.412990
omp_cuadrantes,120000,16,4,7.310859
omp_cuadrantes,120000,16,5,7.267002
omp_cuadrantes,120000,16,6,7.409569
omp_cuadrantes,120000,16,7,7.324418
omp_cuadrantes,120000,16,8,6.858286
omp_cuadrantes,120000,16,9,6.906932
omp_cuadrantes,120000,16,10,6.741808
serial,140000,1,1,28.836924
serial,140000,1,2,28.959493
serial,140000,1,3,28.418458
serial,140000,1,4,28.982023
serial,140000,1,5,28.353756
serial,140000,1,6,28.477077
serial,140000,1,7,29.062409
serial,140000,1,8,28.572288
serial,140000,1,9,28.548712
serial,140000,1,10,29.059932
omp_indivisible,140000,1,1,30.384504
omp_indivisible,140000,1,2,29.883526
omp_indivisible,140000,1,3,29.665420
omp_indivisible,140000,1,4,29.503668
omp_indivisible,140000,1,5,29.507988
omp_indivisible,140000,1,6,29.560756
omp_indivisible,140000,1,7,29.689845
omp_indivisible,140000,1,8,29.192563
omp_indivisible,140000,1,9,29.194966
omp_indivisible,140000,1,10,30.113883
omp_indivisible,140000,4,1,11.258665
omp_indivisible,140000,4,2,11.385180
omp_indivisible,140000,4,3,11.343505
omp_indivisible,140000,4,4,11.593107
omp_indivisible,140000,4,5,11.703821
omp_indivisible,140000,4,6,11.912975
omp_indivisible,140000,4,7,11.834779
omp_indivisible,140000,4,8,11.828384
omp_indivisible,140000,4,9,11.481642
omp_indivisible,140000,4,10,11.718652
omp_indivisible,140000,8,1,9.707033
omp_indivisible,140000,8,2,9.220507
omp_indivisible,140000,8,3,9.693171
omp_indivisible,140000,8,4,9.519473
omp_indivisible,140000,8,5,9.628159
omp_indivisible,140000,8,6,9.644159
omp_indivisible,140000,8,7,9.510378
omp_indivisible,140000,8,8,9.395564
omp_indivisible,140000,8,9,9.325821
omp_indivisible,140000,8,10,9.429936
omp_indivisible,140000,16,1,9.581297
omp_indivisible,140000,16,2,9.416031
omp_indivisible,140000,16,3,9.319468
omp_indivisible,140000,16,4,9.224200
omp_indivisible,140000,16,5,9.410265
omp_indivisible,140000,16,6,9.340595
omp_indivisible,140000,16,7,9.201458
omp_indivisible,140000,16,8,9.329348
omp_indivisible,140000,16,9,9.476668
omp_indivisible,140000,16,10,9.745464
omp_cuadrantes,140000,1,1,30.104566
omp_cuadrantes,140000,1,2,29.793366
omp_cuadrantes,140000,1,3,29.710247
omp_cuadrantes,140000,1,4,30.239005
omp_cuadrantes,140000,1,5,29.658129
omp_cuadrantes,140000,1,6,29.900876
omp_cuadrantes,140000,1,7,29.848373
omp_cuadrantes,140000,1,8,29.694889
omp_cuadrantes,140000,1,9,29.447230
omp_cuadrantes,140000,1,10,29.407436
omp_cuadrantes,140000,4,1,11.526575
omp_cuadrantes,140000,4,2,11.782957
omp_cuadrantes,140000,4,3,11.679686
omp_cuadrantes,140000,4,4,11.936444
omp_cuadrantes,140000,4,5,11.948027
omp_cuadrantes,140000,4,6,11.929544
omp_cuadrantes,140000,4,7,11.988379
omp_cuadrantes,140000,4,8,11.870333
omp_cuadrantes,140000,4,9,11.821096
omp_cuadrantes,140000,4,10,12.034044
omp_cuadrantes,140000,8,1,9.855033
omp_cuadrantes,140000,8,2,9.930176
omp_cuadrantes,140000,8,3,9.997693
omp_cuadrantes,140000,8,4,10.057444
omp_cuadrantes,140000,8,5,10.006297
omp_cuadrantes,140000,8,6,9.830281
omp_cuadrantes,140000,8,7,9.793685
omp_cuadrantes,140000,8,8,9.882676
omp_cuadrantes,140000,8,9,9.874956
omp_cuadrantes,140000,8,10,10.020037
omp_cuadrantes,140000,16,1,9.777869
omp_cuadrantes,140000,16,2,9.878084
omp_cuadrantes,140000,16,3,9.935446
omp_cuadrantes,140000,16,4,9.771020
omp_cuadrantes,140000,16,5,9.704836
omp_cuadrantes,140000,16,6,9.929951
omp_cuadrantes,140000,16,7,10.019298
omp_cuadrantes,140000,16,8,10.270217
omp_cuadrantes,140000,16,9,10.700449
omp_cuadrantes,140000,16,10,10.836319
serial,160000,1,1,36.547898
serial,160000,1,2,36.577016
serial,160000,1,3,36.906901
serial,160000,1,4,36.483207
serial,160000,1,5,36.442532
serial,160000,1,6,36.269555
serial,160000,1,7,36.456806
serial,160000,1,8,36.498507
serial,160000,1,9,36.409619
serial,160000,1,10,36.598786
omp_indivisible,160000,1,1,38.018511
omp_indivisible,160000,1,2,37.826014
omp_indivisible,160000,1,3,37.792400
omp_indivisible,160000,1,4,37.837586
omp_indivisible,160000,1,5,37.727107
omp_indivisible,160000,1,6,37.725573
omp_indivisible,160000,1,7,37.737125
omp_indivisible,160000,1,8,37.973907
omp_indivisible,160000,1,9,37.706129
omp_indivisible,160000,1,10,37.795687
omp_indivisible,160000,4,1,15.219927
omp_indivisible,160000,4,2,15.394798
omp_indivisible,160000,4,3,15.462150
omp_indivisible,160000,4,4,15.572748
omp_indivisible,160000,4,5,15.745114
omp_indivisible,160000,4,6,15.672141
omp_indivisible,160000,4,7,15.629079
omp_indivisible,160000,4,8,15.673208
omp_indivisible,160000,4,9,15.979848
omp_indivisible,160000,4,10,16.187980
omp_indivisible,160000,8,1,13.358280
omp_indivisible,160000,8,2,13.237083
omp_indivisible,160000,8,3,13.139946
omp_indivisible,160000,8,4,13.208252
omp_indivisible,160000,8,5,13.441570
omp_indivisible,160000,8,6,13.835080
omp_indivisible,160000,8,7,14.222136
omp_indivisible,160000,8,8,14.403655
omp_indivisible,160000,8,9,14.417551
omp_indivisible,160000,8,10,14.529891
omp_indivisible,160000,16,1,14.254485
omp_indivisible,160000,16,2,14.394134
omp_indivisible,160000,16,3,14.156516
omp_indivisible,160000,16,4,14.213616
omp_indivisible,160000,16,5,14.085180
omp_indivisible,160000,16,6,14.128971
omp_indivisible,160000,16,7,14.062158
omp_indivisible,160000,16,8,13.987566
omp_indivisible,160000,16,9,13.843514
omp_indivisible,160000,16,10,13.849858
omp_cuadrantes,160000,1,1,37.880316
omp_cuadrantes,160000,1,2,37.765060
omp_cuadrantes,160000,1,3,37.615337
omp_cuadrantes,160000,1,4,37.677267
omp_cuadrantes,160000,1,5,37.807597
omp_cuadrantes,160000,1,6,37.701536
omp_cuadrantes,160000,1,7,37.731001
omp_cuadrantes,160000,1,8,37.634004
omp_cuadrantes,160000,1,9,37.677125
omp_cuadrantes,160000,1,10,37.811912
omp_cuadrantes,160000,4,1,15.248414
omp_cuadrantes,160000,4,2,15.758193
omp_cuadrantes,160000,4,3,16.483388
omp_cuadrantes,160000,4,4,17.102634
omp_cuadrantes,160000,4,5,17.454478
omp_cuadrantes,160000,4,6,16.629721
omp_cuadrantes,160000,4,7,16.723452
omp_cuadrantes,160000,4,8,16.819682
omp_cuadrantes,160000,4,9,16.420174
omp_cuadrantes,160000,4,10,16.525958
omp_cuadrantes,160000,8,1,13.747732
omp_cuadrantes,160000,8,2,14.025346
omp_cuadrantes,160000,8,3,14.014342
omp_cuadrantes,160000,8,4,13.860812
omp_cuadrantes,160000,8,5,14.050442
omp_cuadrantes,160000,8,6,14.500362
omp_cuadrantes,160000,8,7,13.457558
omp_cuadrantes,160000,8,8,13.766492
omp_cuadrantes,160000,8,9,16.420939
omp_cuadrantes,160000,8,10,14.463158
omp_cuadrantes,160000,16,1,13.586074
omp_cuadrantes,160000,16,2,13.517667
omp_cuadrantes,160000,16,3,13.660503
omp_cuadrantes,160000,16,4,13.828643
omp_cuadrantes,160000,16,5,13.882764
omp_cuadrantes,160000,16,6,13.805917
omp_cuadrantes,160000,16,7,13.762688
omp_cuadrantes,160000,16,8,13.565482
omp_cuadrantes,160000,16,9,13.343710
omp_cuadrantes,160000,16,10,13.286690
serial,180000,1,1,46.979930
serial,180000,1,2,46.398214
serial,180000,1,3,47.403430
serial,180000,1,4,47.463405
serial,180000,1,5,47.041631
serial,180000,1,6,47.462559
serial,180000,1,7,47.390896
serial,180000,1,8,47.505247
serial,180000,1,9,47.726420
serial,180000,1,10,47.798307
omp_indivisible,180000,1,1,49.626231
omp_indivisible,180000,1,2,49.508393
omp_indivisible,180000,1,3,49.298578
omp_indivisible,180000,1,4,49.331426
omp_indivisible,180000,1,5,49.267996
omp_indivisible,180000,1,6,49.163822
omp_indivisible,180000,1,7,49.354649
omp_indivisible,180000,1,8,50.703716
omp_indivisible,180000,1,9,49.366001
omp_indivisible,180000,1,10,50.404440
omp_indivisible,180000,4,1,20.678767
omp_indivisible,180000,4,2,20.489040
omp_indivisible,180000,4,3,20.478895
omp_indivisible,180000,4,4,21.283959
omp_indivisible,180000,4,5,20.686765
omp_indivisible,180000,4,6,21.033171
omp_indivisible,180000,4,7,22.142228
omp_indivisible,180000,4,8,22.793312
omp_indivisible,180000,4,9,22.996143
omp_indivisible,180000,4,10,22.873184
omp_indivisible,180000,8,1,18.945260
omp_indivisible,180000,8,2,19.304103
omp_indivisible,180000,8,3,19.008340
omp_indivisible,180000,8,4,18.833336
omp_indivisible,180000,8,5,19.145334
omp_indivisible,180000,8,6,19.504383
omp_indivisible,180000,8,7,19.073839
omp_indivisible,180000,8,8,19.315472
omp_indivisible,180000,8,9,21.070303
omp_indivisible,180000,8,10,19.038241
omp_indivisible,180000,16,1,17.825685
omp_indivisible,180000,16,2,18.800254
omp_indivisible,180000,16,3,19.464436
omp_indivisible,180000,16,4,18.363403
omp_indivisible,180000,16,5,18.052392
omp_indivisible,180000,16,6,19.057169
omp_indivisible,180000,16,7,19.539667
omp_indivisible,180000,16,8,18.099470
omp_indivisible,180000,16,9,17.816081
omp_indivisible,180000,16,10,17.944811
omp_cuadrantes,180000,1,1,49.109484
omp_cuadrantes,180000,1,2,49.415772
omp_cuadrantes,180000,1,3,49.363043
omp_cuadrantes,180000,1,4,49.103894
omp_cuadrantes,180000,1,5,49.533077
omp_cuadrantes,180000,1,6,49.798812
omp_cuadrantes,180000,1,7,50.682506
omp_cuadrantes,180000,1,8,50.656571
omp_cuadrantes,180000,1,9,50.054110
omp_cuadrantes,180000,1,10,49.844671
omp_cuadrantes,180000,4,1,21.699736
omp_cuadrantes,180000,4,2,20.333783
omp_cuadrantes,180000,4,3,21.023673
omp_cuadrantes,180000,4,4,21.339855
omp_cuadrantes,180000,4,5,21.070153
omp_cuadrantes,180000,4,6,20.765287
omp_cuadrantes,180000,4,7,23.517525
omp_cuadrantes,180000,4,8,25.824973
omp_cuadrantes,180000,4,9,24.322099
omp_cuadrantes,180000,4,10,22.982935
omp_cuadrantes,180000,8,1,18.499550
omp_cuadrantes,180000,8,2,17.369682
omp_cuadrantes,180000,8,3,17.705868
omp_cuadrantes,180000,8,4,17.194660
omp_cuadrantes,180000,8,5,17.664682
omp_cuadrantes,180000,8,6,18.297181
omp_cuadrantes,180000,8,7,17.036343
omp_cuadrantes,180000,8,8,16.818008
omp_cuadrantes,180000,8,9,17.894173
omp_cuadrantes,180000,8,10,16.734552
omp_cuadrantes,180000,16,1,17.427949
omp_cuadrantes,180000,16,2,17.276375
omp_cuadrantes,180000,16,3,16.801905
omp_cuadrantes,180000,16,4,16.943061
omp_cuadrantes,180000,16,5,17.318914
omp_cuadrantes,180000,16,6,16.833398
omp_cuadrantes,180000,16,7,17.135573
omp_cuadrantes,180000,16,8,16.791462
omp_cuadrantes,180000,16,9,17.207849
omp_cuadrantes,180000,16,10,15.942566
serial,200000,1,1,57.499429
serial,200000,1,2,57.825925
serial,200000,1,3,57.547156
serial,200000,1,4,57.551933
serial,200000,1,5,57.681584
serial,200000,1,6,57.875547
serial,200000,1,7,57.921577
serial,200000,1,8,57.155438
serial,200000,1,9,57.936691
serial,200000,1,10,57.012556
omp_indivisible,200000,1,1,60.646593
omp_indivisible,200000,1,2,60.985791
omp_indivisible,200000,1,3,61.416570
omp_indivisible,200000,1,4,61.400534
omp_indivisible,200000,1,5,61.145245
omp_indivisible,200000,1,6,60.894375
omp_indivisible,200000,1,7,60.768902
omp_indivisible,200000,1,8,60.978624
omp_indivisible,200000,1,9,60.651316
omp_indivisible,200000,1,10,60.746311
omp_indivisible,200000,4,1,24.549355
omp_indivisible,200000,4,2,24.823038
omp_indivisible,200000,4,3,25.472726
omp_indivisible,200000,4,4,25.026877
omp_indivisible,200000,4,5,25.098498
omp_indivisible,200000,4,6,25.365138
omp_indivisible,200000,4,7,25.112536
omp_indivisible,200000,4,8,25.178128
omp_indivisible,200000,4,9,25.183925
omp_indivisible,200000,4,10,25.356718
omp_indivisible,200000,8,1,21.325483
omp_indivisible,200000,8,2,22.713803
omp_indivisible,200000,8,3,21.828509
omp_indivisible,200000,8,4,22.637649
omp_indivisible,200000,8,5,21.656993
omp_indivisible,200000,8,6,21.499412
omp_indivisible,200000,8,7,21.118384
omp_indivisible,200000,8,8,21.713206
omp_indivisible,200000,8,9,22.096641
omp_indivisible,200000,8,10,21.880153
omp_indivisible,200000,16,1,21.264213
omp_indivisible,200000,16,2,21.198735
omp_indivisible,200000,16,3,21.147779
omp_indivisible,200000,16,4,21.101145
omp_indivisible,200000,16,5,21.122131
omp_indivisible,200000,16,6,21.086785
omp_indivisible,200000,16,7,20.996797
omp_indivisible,200000,16,8,21.158825
omp_indivisible,200000,16,9,21.014353
omp_indivisible,200000,16,10,20.896087
omp_cuadrantes,200000,1,1,60.871263
omp_cuadrantes,200000,1,2,60.748902
omp_cuadrantes,200000,1,3,60.258359
omp_cuadrantes,200000,1,4,59.010593
omp_cuadrantes,200000,1,5,59.044623
omp_cuadrantes,200000,1,6,59.037963
omp_cuadrantes,200000,1,7,58.996669
omp_cuadrantes,200000,1,8,59.310695
omp_cuadrantes,200000,1,9,58.989728
omp_cuadrantes,200000,1,10,58.975116
omp_cuadrantes,200000,4,1,23.964645
omp_cuadrantes,200000,4,2,24.293377
omp_cuadrantes,200000,4,3,24.491636
omp_cuadrantes,200000,4,4,24.602920
omp_cuadrantes,200000,4,5,24.521904
omp_cuadrantes,200000,4,6,24.631358
omp_cuadrantes,200000,4,7,24.630088
omp_cuadrantes,200000,4,8,24.807471
omp_cuadrantes,200000,4,9,24.659630
omp_cuadrantes,200000,4,10,24.666526
omp_cuadrantes,200000,8,1,20.560245
omp_cuadrantes,200000,8,2,20.319535
omp_cuadrantes,200000,8,3,20.326955
omp_cuadrantes,200000,8,4,20.411086
omp_cuadrantes,200000,8,5,20.369650
omp_cuadrantes,200000,8,6,20.483178
omp_cuadrantes,200000,8,7,20.409931
omp_cuadrantes,200000,8,8,20.708172
omp_cuadrantes,200000,8,9,20.305766
omp_cuadrantes,200000,8,10,20.453005
omp_cuadrantes,200000,16,1,20.383694
omp_cuadrantes,200000,16,2,20.450427
omp_cuadrantes,200000,16,3,20.600480
omp_cuadrantes,200000,16,4,20.769850
omp_cuadrantes,200000,16,5,20.471667
omp_cuadrantes,200000,16,6,20.652493
omp_cuadrantes,200000,16,7,20.529816
omp_cuadrantes,200000,16,8,20.596649
omp_cuadrantes,200000,16,9,20.643071
omp_cuadrantes,200000,16,10,20.747966
serial,110005,1,1,25.913146
serial,110005,1,2,25.749792
serial,110005,1,3,26.613659
serial,110005,1,4,25.907557
serial,110005,1,5,25.699721
serial,110005,1,6,25.620374
serial,110005,1,7,25.514070
serial,110005,1,8,25.952583
serial,110005,1,9,30.462626
serial,110005,1,1,25.513326
omp_indivisible,110005,8,1,10.130175
omp_cuadrantes,110005,8,1,9.910961
serial,110005,1,1,15.743872
omp_indivisible,110005,8,1,10.269994
omp_cuadrantes,110005,8,1,11.543134
serial,110005,1,1,15.607530
omp_indivisible,110005,8,1,10.695364
omp_cuadrantes,110005,8,1,9.876842
serial,110005,1,1,15.748709
omp_indivisible,110005,8,1,9.269401
omp_cuadrantes,110005,8,1,9.524553
